Sequence ID	Site	Observed	Expected (BCK)	O/E ratio (BCK)	Total
kita	AACGTT	150	135.27	1.109	8783273
kita	AAGCTT	68	96.04	0.708	8783273
kita	AATATT	48	51.99	0.923	8783273
kita	AATT	1096	832.47	1.317	8783275
kita	ACATGT	415	392.32	1.058	8783273
kita	ACCGGT	2951	3280.26	0.900	8783273
kita	ACCTGC	6818	7080.51	0.963	8783273
kita	ACGCGT	1605	1874.48	0.856	8783273
kita	ACGGC	31283	30467.20	1.027	8783274
kita	ACGT	25129	24962.02	1.007	8783275
kita	ACNGT	22478	22376.96	1.005	8783274
kita	ACNNNNNCTCC	3181	3213.04	0.990	8783268
kita	ACRYGT	3333	3519.43	0.947	8783273
kita	ACTAGT	35	33.74	1.037	8783273
kita	ACTGG	7056	7124.45	0.990	8783274
kita	ACTGGG	1746	1689.13	1.034	8783273
kita	AGATCT	839	881.71	0.952	8783273
kita	AGCGCT	2035	2224.70	0.915	8783273
kita	AGCT	25269	28514.83	0.886	8783275
kita	AGGCCT	602	1201.41	0.501	8783273
kita	AGTACT	642	693.88	0.925	8783273
kita	ARCCCC	3913	4031.40	0.971	8783273
kita	ATCGAT	332	334.68	0.992	8783273
kita	ATGAA	2021	1924.05	1.050	8783274
kita	ATGCAT	90	109.09	0.825	8783273
kita	ATTAAT	13	16.65	0.781	8783273
kita	ATTTAAAT	0	0.00	nan	8783271
kita	CAATTG	90	100.71	0.894	8783273
kita	CACGAG	1812	1486.06	1.219	8783273
kita	CACGTC	3744	3595.44	1.041	8783273
kita	CACGTG	1590	1579.32	1.007	8783273
kita	CACNNNGTG	3122	3195.94	0.977	8783270
kita	CAGCTG	4037	4511.47	0.895	8783273
kita	CAGNNNCTG	5415	5591.40	0.968	8783270
kita	CASTG	7644	7601.38	1.006	8783274
kita	CATATG	77	86.04	0.895	8783273
kita	CATG	15760	13075.21	1.205	8783275
kita	CAYNNNNRTG	6776	6738.78	1.006	8783269
kita	CCAGA	5386	5330.10	1.010	8783274
kita	CCANNNNNNNNNTGG	2463	2433.31	1.012	8783264
kita	CCANNNNNNTGG	2641	2519.91	1.048	8783267
kita	CCANNNNNTGG	4056	4065.44	0.998	8783268
kita	CCATC	7839	8033.51	0.976	8783274
kita	CCATGG	1651	1696.98	0.973	8783273
kita	CCCAGC	6144	6206.98	0.990	8783273
kita	CCCGC	49513	48525.81	1.020	8783274
kita	CCCGGG	13637	14891.08	0.916	8783273
kita	CCCGT	13156	13536.84	0.972	8783274
kita	CCGC	179998	173757.51	1.036	8783275
kita	CCGCGG	15121	16797.54	0.900	8783273
kita	CCGCTC	8544	8809.59	0.970	8783273
kita	CCGG	192455	208462.41	0.923	8783275
kita	CCNGG	170157	165218.48	1.030	8783274
kita	CCNNGG	117694	123086.25	0.956	8783273
kita	CCNNNNNNNGG	122346	119263.30	1.026	8783268
kita	CCRCTC	10297	10433.37	0.987	8783273
kita	CCRYGG	26111	27825.33	0.938	8783273
kita	CCSGG	115020	111026.04	1.036	8783274
kita	CCTAGG	155	143.40	1.081	8783273
kita	CCTC	58391	58330.46	1.001	8783275
kita	CCTCAGC	490	489.47	1.001	8783272
kita	CCTGCAGG	417	441.96	0.944	8783271
kita	CCTNAGC	1100	1050.14	1.047	8783272
kita	CCTNAGG	327	411.77	0.794	8783272
kita	CCTNNNNNAGG	5019	5053.30	0.993	8783268
kita	CCTTC	10581	10745.09	0.985	8783274
kita	CCWGG	55137	60514.74	0.911	8783274
kita	CCWWGG	6279	6530.27	0.962	8783273
kita	CGATCG	5960	6102.43	0.977	8783273
kita	CGCG	137989	143634.57	0.961	8783275
kita	CGGCCG	33287	34407.24	0.967	8783273
kita	CGGWCCG	6699	6718.03	0.997	8783272
kita	CGRYCG	66108	67629.10	0.978	8783273
kita	CGTACG	4428	4561.11	0.971	8783273
kita	CGTCTC	2334	2304.90	1.013	8783273
kita	CGWCG	73220	75762.00	0.966	8783274
kita	CMGCKG	38942	40854.75	0.953	8783273
kita	CRCCGGYG	8009	8019.33	0.999	8783271
kita	CTAG	1293	6288.36	0.206	8783275
kita	CTBVAG	20343	20352.61	1.000	8783273
kita	CTCAAT	64	96.64	0.662	8783273
kita	CTCGAG	335	1967.68	0.170	8783273
kita	CTCTTC	1176	1195.24	0.984	8783273
kita	CTGCAG	2897	3433.96	0.844	8783273
kita	CTGGAG	6201	5511.59	1.125	8783273
kita	CTKMAG	5482	6310.62	0.869	8783273
kita	CTNAG	6868	8772.98	0.783	8783274
kita	CTRYAG	3591	4433.65	0.810	8783273
kita	CTTAAG	32	48.23	0.664	8783273
kita	CTYRAG	2801	3926.71	0.713	8783273
kita	CYCGRG	23232	25213.02	0.921	8783273
kita	GAAC	36935	37181.65	0.993	8783275
kita	GAAGA	6295	6409.04	0.982	8783274
kita	GAAGAC	2286	2264.95	1.009	8783273
kita	GAANNNNTTC	1245	1356.54	0.918	8783269
kita	GAATGC	272	270.90	1.004	8783273
kita	GAATTC	334	321.31	1.039	8783273
kita	GACGC	22832	22279.87	1.025	8783274
kita	GACGTC	6450	6532.07	0.987	8783273
kita	GACNNNGTC	8144	8234.40	0.989	8783270
kita	GACNNNNGTC	2909	2928.25	0.993	8783269
kita	GACNNNNNGTC	3000	2990.39	1.003	8783268
kita	GACNNNNNTGA	2267	2261.99	1.002	8783268
kita	GAGCTC	2729	3350.70	0.814	8783273
kita	GAGG	57172	56976.56	1.003	8783275
kita	GAGGC	17321	17318.49	1.000	8783274
kita	GAGTC	5238	5205.90	1.006	8783274
kita	GANTC	13450	14690.72	0.916	8783274
kita	GASTC	10678	10792.30	0.989	8783274
kita	GATATC	153	165.94	0.922	8783273
kita	GATC	46877	42914.49	1.092	8783275
kita	GATGC	7850	8407.50	0.934	8783274
kita	GATNNNNATC	1648	1681.38	0.980	8783269
kita	GAWTC	2772	2628.77	1.054	8783274
kita	GCAATG	149	153.59	0.970	8783273
kita	GCAGC	31464	33331.99	0.944	8783274
kita	GCAGGC	7670	7462.98	1.028	8783273
kita	GCAGT	6650	6341.91	1.049	8783274
kita	GCAGTG	1481	1558.56	0.950	8783273
kita	GCATC	7986	8429.02	0.947	8783274
kita	GCATGC	1419	1560.48	0.909	8783273
kita	GCCGC	76642	75641.67	1.013	8783274
kita	GCCGGC	26032	27637.36	0.942	8783273
kita	GCCNNNNNGGC	27107	27025.48	1.003	8783268
kita	GCGC	138341	139549.47	0.991	8783275
kita	GCGCGC	13054	14220.00	0.918	8783273
kita	GCGCGCGY	1116	1120.58	0.996	8783271
kita	GCGGCCGC	3673	3655.48	1.005	8783271
kita	GCNGC	216225	213107.99	1.015	8783274
kita	GCNNGC	155876	161370.44	0.966	8783273
kita	GCNNNNNNNGC	184270	179624.94	1.026	8783268
kita	GCSGC	152166	148318.67	1.026	8783274
kita	GCTAGC	193	173.16	1.115	8783273
kita	GCTCTTC	562	563.11	0.998	8783272
kita	GCTNAGC	2465	2442.76	1.009	8783272
kita	GCWGC	64059	68103.12	0.941	8783274
kita	GDGCHC	39325	40397.37	0.973	8783273
kita	GGATC	11960	11724.84	1.020	8783274
kita	GGATCC	2960	3111.21	0.951	8783273
kita	GGATG	6713	7135.18	0.941	8783274
kita	GGATTY	768	806.34	0.952	8783273
kita	GGCC	161188	162370.48	0.993	8783275
kita	GGCCGGCC	4025	4045.39	0.995	8783271
kita	GGCCNNNNNGGCC	4982	4940.28	1.008	8783266
kita	GGCGCC	17378	17869.18	0.973	8783273
kita	GGCGGA	9099	9272.79	0.981	8783273
kita	GGGCCC	7962	7772.59	1.024	8783273
kita	GGGTC	16927	17722.20	0.955	8783274
kita	GGNCC	108265	107712.47	1.005	8783274
kita	GGNNCC	91689	95142.87	0.964	8783273
kita	GGTACC	1503	1643.98	0.914	8783273
kita	GGTCTC	3970	3963.51	1.002	8783273
kita	GGTGA	18365	19321.99	0.950	8783274
kita	GGTNACC	6112	6004.07	1.018	8783272
kita	GGWCC	34728	38404.47	0.904	8783274
kita	GGYRCC	40068	40533.12	0.989	8783273
kita	GMCCC	43452	43738.04	0.993	8783274
kita	GRCGYC	48404	48879.07	0.990	8783273
kita	GRGCYC	17419	18027.46	0.966	8783273
kita	GTAC	25504	30976.81	0.823	8783275
kita	GTATAC	39	29.22	1.335	8783273
kita	GTATCC	233	270.82	0.860	8783273
kita	GTCGAC	9784	10018.14	0.977	8783273
kita	GTCTC	6736	6518.37	1.033	8783274
kita	GTGCAC	3408	3484.93	0.978	8783273
kita	GTMKAC	12436	12571.88	0.989	8783273
kita	GTNNAC	34759	32780.20	1.060	8783273
kita	GTSAC	18131	18269.90	0.992	8783274
kita	GTTAAC	44	52.35	0.841	8783273
kita	GTTTAAAC	0	0.00	nan	8783271
kita	GTYRAC	13978	14345.31	0.974	8783273
kita	GWGCWC	15600	16046.55	0.972	8783273
kita	MTCGAK	6465	7334.90	0.881	8783273
kita	RAATTY	522	532.54	0.980	8783273
kita	RCATGY	3303	3392.11	0.974	8783273
kita	RCCGGY	58192	59130.69	0.984	8783273
kita	RGATCY	7202	7413.96	0.971	8783273
kita	RGCGCY	36455	37806.04	0.964	8783273
kita	RGCY	275581	282583.68	0.975	8783275
kita	RGGNCCY	14662	14715.48	0.996	8783272
kita	RGGWCCY	5547	5435.51	1.021	8783272
kita	RTCAGG	4847	4787.68	1.012	8783273
kita	RTCGAY	16624	17181.05	0.968	8783273
kita	SAGCTS	18725	18718.33	1.000	8783273
kita	TACGTA	69	71.58	0.964	8783273
kita	TCATGA	635	715.24	0.888	8783273
kita	TCCGGA	2926	3173.87	0.922	8783273
kita	TCGA	54362	58887.76	0.923	8783275
kita	TCGCGA	2050	2202.43	0.931	8783273
kita	TCNGA	14207	16458.05	0.863	8783274
kita	TCNNGA	19471	20557.08	0.947	8783273
kita	TCTAGA	51	40.82	1.249	8783273
kita	TCTGG	5723	5597.20	1.022	8783274
kita	TGATCA	2160	2282.55	0.946	8783273
kita	TGCA	19674	21297.88	0.924	8783275
kita	TGCGCA	3031	3168.37	0.957	8783273
kita	TGGCCA	3046	3091.39	0.985	8783273
kita	TTAA	373	152.86	2.440	8783275
kita	TTAATTAA	0	0.00	nan	8783271
kita	TTATAA	3	3.64	0.824	8783273
kita	TTCGAA	664	631.86	1.051	8783273
kita	TTTAAA	3	9.22	0.325	8783273
kita	VCTCGAGB	282	283.52	0.995	8783271
kita	WCCGGW	12488	13581.94	0.919	8783273
kita	YACGTR	3613	3818.91	0.946	8783273
kita	YAGCTR	4755	5517.37	0.862	8783273
kita	YGGCCR	62434	63820.76	0.978	8783273
